<?xml version="1.0" encoding="UTF-8"?>
<!DOCTYPE mapper PUBLIC "-//mybatis.org//DTD Mapper 3.0//EN" "http://mybatis.org/dtd/mybatis-3-mapper.dtd">
<mapper namespace="AdminMybatis.aa">
    <select id = "adminOrderList" parameterType="java.util.HashMap" resultType="map">
        SELECT	o.order_num, o.order_date, o.order_product_color, o.order_product_count, 
			p.product_num, p.product_category, p.product_name, p.product_image, p.product_storage, p.product_price,
			m.member_id, m.member_name, m.member_phone, m.member_address, p2.pay_method, r.review_num, 
			o.order_product_count * p.product_price as "PAY_AMOUNT"
        FROM orders o
            JOIN member m ON o.order_member = m.member_num      <!--주문자 회원번호랑 회원번호랑 조인  -->
            JOIN product p ON o.order_product = p.product_num   <!--주문한 제품번호와 제품번호 조인  -->
            JOIN pay p2 ON o.order_pay = p2.pay_num             <!--주문번호와 결제번호 조인 -->
            LEFT JOIN review r ON o.order_num = r.review_order_num  <!-- 리뷰 여부 확인하는 레프트조인 -->
        <where> 
            <if test="order_num!=null">AND o.order_num=#{order_num}</if>
            <if test="gubun!=null">
                <choose>
<!--                     <when test='gubun.equals("product_name")'>
                        AND (p.product_name LIKE '%'||#{keyword}||'%')
                    </when> -->
                    <when test='gubun.equals("member_id")'>
                        AND (m.member_id LIKE '%'||#{keyword}||'%')
                    </when>
                </choose>
            </if>
        </where>
        ORDER BY o.order_num desc

    </select>
    <delete id = "adminOrderDelete" parameterType="int">
        DELETE FROM orders WHERE order_num=#{order_num}
    </delete>
</mapper>    