<?xml version="1.0" encoding="UTF-8"?>
<!DOCTYPE mapper PUBLIC "-//mybatis.org//DTD Mapper 3.0//EN" "http://mybatis.org/dtd/mybatis-3-mapper.dtd">
<mapper namespace="AdminMybatis.aa">

    <select id = "adminProductList" parameterType="java.util.HashMap" resultType="java.util.Map">
        SELECT * FROM product
        <where>	
            <if test="product_num!=null">AND product_num=#{product_num}</if>
            <if test="gubun!=null">
                <choose>
                    <when test='gubun.equals("product_name")'>
                        AND (product_name LIKE '%'||#{keyword}||'%')
                    </when>
                </choose>
            </if>
        </where>
        ORDER BY product_num desc
    </select>
    
    <select id = "adminReviewList" parameterType="java.util.HashMap" resultType="map">
        SELECT r.review_num as review_order_num, m.member_name, m.member_id, r.review_grade, r.review_content
        FROM review r
        JOIN member m ON r.review_writer = m.member_num
        WHERE review_order_num IN (
	        SELECT order_num as review_order_num
	        FROM orders
            WHERE order_product = #{product_num}
        )
        ORDER BY review_num
    </select>
    
    <insert id = "adminProductInsert" parameterType="java.util.Map">
        INSERT INTO product(product_num, product_category, product_name, product_image, 
					        product_color, product_storage, product_describe, product_price) 
				    VALUES(seq_product_num.nextval, #{product_category}, #{product_name}, #{product_image},
					        #{product_color}, #{product_storage}, #{product_describe}, #{product_price})
    </insert>
    
    <update id="adminProductUpdate" parameterType="java.util.Map">
        UPDATE product 
        SET product_category = #{product_category},
            product_name = #{product_name},
            <if test="product_image != null">
                product_image = #{product_image},
            </if>
            product_color = #{product_color},
            <if test="product_storage != null">
                product_storage = #{product_storage},
            </if>
            product_describe = #{product_describe},
            product_price = #{product_price}
        WHERE product_num = #{product_num}
    </update>
    
    <delete id = "adminProductDelete" parameterType="Integer">
        DELETE FROM product WHERE product_num=#{product_num}
    </delete>
</mapper>    