<?xml version="1.0" encoding="UTF-8"?>
<!DOCTYPE mapper PUBLIC "-//mybatis.org//DTD Mapper 3.0//EN" "http://mybatis.org/dtd/mybatis-3-mapper.dtd">
<mapper namespace="AdminMybatis.aa">

	<select id="noticeList"
		resultType="com.example.demo.vo.NoticeVo">
		select * from notice order by notice_num desc
	</select>

	<select id="noticeSearch"
		resultType="com.example.demo.vo.NoticeVo"
		parameterType="java.lang.String">
		select * from notice where notice_title LIKE '%'||#{notice_title}||'%' order by notice_num desc
	</select>

	<select id="noticeDetail"
		resultType="com.example.demo.vo.NoticeVo"
		parameterType="Integer">
		select * from notice where notice_num =#{notice_num}
	</select>

	<insert id="noticeInsert" parameterType="java.util.Map">
	insert into notice values (notice_num_seq.nextval,#{notice_title},#{notice_content},TO_CHAR(SYSDATE,'YYYY-MM-DD'),0)
	</insert>

	<delete id="noticeDelete" parameterType="Integer">
	delete from notice where notice_num=#{notice_num} 
	</delete>

	<update id="noticeUpdate" parameterType="java.util.Map">
	update notice set notice_content = #{notice_content} where notice_num =#{notice_num} 
	</update>
	
	<update id="noticeCount" parameterType="Integer">
		UPDATE notice SET notice_count = notice_count + 1 WHERE notice_num = #{notice_num}
	</update>
	

</mapper>