<?xml version="1.0" encoding="UTF-8"?>
<!DOCTYPE mapper PUBLIC "-//mybatis.org//DTD Mapper 3.0//EN" "http://mybatis.org/dtd/mybatis-3-mapper.dtd">
<mapper namespace="mapper.memberMypage">





	<!-- 탈퇴 -->
	<delete id="deleteMember" parameterType="Integer">
		DELETE FROM member WHERE
		member_num=#{member_num}
	</delete>

	<!-- 회원정보수정 -->
	<update id="updateMember" parameterType="java.util.Map">
		UPDATE member
		SET
		member_pw = #{member_pw},
		member_email = #{member_email},
		member_phone =
		#{member_phone},
		member_address = #{member_address}
		WHERE
		member_num=#{member_num}
	</update>

	<!-- 구매목록보기 -->
<select id = "payList" parameterType="java.util.HashMap" resultType="map">
        SELECT	o.order_num, o.order_date, o.order_product_color, o.order_product_count, 
			p.product_num, p.product_category, p.product_name, p.product_image, p.product_storage, p.product_price,
			m.member_id, m.member_name, m.member_phone, m.member_address, p2.pay_method, r.review_num, 
			o.order_product_count * p.product_price as "PAY_AMOUNT"
        FROM orders o
            JOIN member m ON o.order_member = m.member_num      <!--주문자 회원번호랑 회원번호랑 조인  -->
            JOIN product p ON o.order_product = p.product_num   <!--주문한 제품번호와 제품번호 조인  -->
            JOIN pay p2 ON o.order_pay = p2.pay_num             <!--주문번호와 결제번호 조인 -->
            LEFT JOIN review r ON o.order_num = r.review_order_num  <!-- 리뷰 여부 확인하는 레프트조인 -->
        <where> 
            <if test="member_num!=null">AND o.order_member=#{member_num}</if>   <!-- memberOrderList -->
            <if test="order_num!=null">AND o.order_num=#{order_num}</if>    <!-- memberOrderDetail -->
        </where>
        ORDER BY o.order_num desc
</select>





</mapper>





