<?xml version="1.0" encoding="UTF-8"?>
<!DOCTYPE mapper PUBLIC "-//mybatis.org//DTD Mapper 3.0//EN" "http://mybatis.org/dtd/mybatis-3-mapper.dtd">
<mapper namespace="AdminMybatis.aa">


	<!--회원가입 -->
	<insert id="signupInsert" parameterType="java.util.Map">
		insert into member(member_num, member_name, member_id, member_pw
		, member_email, member_phone, member_birth
		, member_address, member_auth) values
		(member_num_seq.nextval,#{member_name}
		,#{member_id},#{member_pw},#{member_email}
		,#{member_phone},#{member_birth},#{member_address},0)
	</insert>
     
     <!--로그인 성공여부  -->
     <select id="login" resultType="Integer" parameterType="java.util.Map">
     select count(*) from member where member_id = #{member_id} and member_pw=#{member_pw}
     </select>
     
     <!--로그인한 아이디 정보가져오는 코드-->
     <select id="member" resultType="java.util.Map" parameterType="java.lang.String">
     select * from member where member_id = #{member_id}
     </select>
     
     <!--id찾기  -->
     <select id="findMyid" resultType="java.util.Map" parameterType="java.util.Map">
     select * from member where member_email = #{member_email} and member_phone = #{member_phone}
     </select>
     
     <!--비번찾기때 필요한 해당 회원의 이메일을 빼오는 쿼리  -->
     <select id="findMypw_email" resultType="java.util.Map" parameterType="java.lang.String">
     select * from member where member_id= #{member_id}
     </select>
     
     <!--임시비밀번호로 비밀번호 변경 -->
     <update id="memberpwUpdate" parameterType="java.util.Map">
     update member set member_pw=#{TempPassword} where member_id = #{member_id}
     </update>     
     
     
     <!--아이디 중복검사 -->
     <select id="member_idCheck" resultType="Integer" parameterType="java.lang.String">
     select count(*) from member where member_id = #{member_id}
     </select>
     
      <!--이메일 중복검사 -->
     <select id="member_emailCheck" resultType="Integer" parameterType="java.lang.String">
     select count(*) from member where member_email = #{member_email}
     </select>
     



</mapper>


